restaurant,url,cuisine,meal,minimum_price
Desi Chaat House,https://www.universitycity.org/diningdays/desi-chaat-house/,Indian,DINNER,30
Desi Chaat House,https://www.universitycity.org/diningdays/desi-chaat-house/,Indian,LUNCH,20
Dim Sum House by Jane G’s,https://www.universitycity.org/diningdays/dimsum/,Chinese,DINNER,40
Dim Sum House by Jane G’s,https://www.universitycity.org/diningdays/dimsum/,Chinese,LUNCH,40
Han Dynasty University City,https://www.universitycity.org/diningdays/han-dynasty-university-city/,Chinese,DINNER,40
New Delhi Indian Restaurant,https://www.universitycity.org/diningdays/new-delhi/,Indian,DINNER,20
New Delhi Indian Restaurant,https://www.universitycity.org/diningdays/new-delhi/,Indian,LUNCH,20
Pattaya Restaurant,https://www.universitycity.org/diningdays/pattaya-restaurant/,Thai,DINNER,20
Pattaya Restaurant,https://www.universitycity.org/diningdays/pattaya-restaurant/,Thai,LUNCH,20
Sangkee Noodle House,https://www.universitycity.org/diningdays/sangkee/,Chinese,DINNER,20
Sangkee Noodle House,https://www.universitycity.org/diningdays/sangkee/,Chinese,LUNCH,20
Thai Singha House,https://www.universitycity.org/diningdays/thaisingha/,Thai,DINNER,20
Thai Singha House,https://www.universitycity.org/diningdays/thaisingha/,Thai,LUNCH,20
