date,gasoline_change,natural_gas_change
2000-01-01,NA,NA
2000-02-01,6.1978634107026975,7.7299899956138285
2000-03-01,9.19410339421336,7.606989499512884
2000-04-01,-3.4205293371964096,8.477562204868349
2000-05-01,1.3833371476333234,27.392247765616794
2000-06-01,9.245128312349715,9.962781598363346
2000-07-01,-5.241290739606718,-7.888135228251492
2000-08-01,-5.544809800128958,11.083123425692687
2000-09-01,5.253850642805369,10.986570794120754
2000-10-01,-1.3317018909899891,0.6391925988225466
2000-11-01,-1.0359881404253035,9.009931259380055
2000-12-01,-4.823380992430614,57.761595172838675
2001-01-01,-0.3527535794811576,0.7697493912371733
2001-02-01,-0.1916797768401035,-36.43906962062776
2001-03-01,-3.0481819249285502,-5.287963282830743
2001-04-01,9.713177943134665,-3.6271408783157044
2001-05-01,9.171240188200924,-16.94365545281089
2001-06-01,-5.21290220362034,-13.148989295295788
2001-07-01,-11.819132617487105,-14.978567054500925
2001-08-01,0,-3.525641025641013
2001-09-01,6.627097819227079,-28.891915711882067
2001-10-01,-13.308799768098268,14.804936462027719
2001-11-01,-10.799979423956518,-8.78910367457677
2001-12-01,-6.891357204890669,6.222714043172473
2002-01-01,1.7034730822863997,-1.9098128068959386
2002-02-01,0.23614934312072844,0.03379405900441057
2002-03-01,11.49143100422123,24.51337501673074
2002-04-01,11.22740238909703,12.680376755363376
2002-05-01,-0.35790980672870676,1.8072289156626509
2002-06-01,-0.7735779136557208,-0.05558643690938281
2002-07-01,0.9731287731289395,-9.272462044426355
2002-08-01,-0.40338633778843613,2.9144712293307506
2002-09-01,0.1203121784419503,14.006309148264972
2002-10-01,3.043495390434159,18.312189740761163
2002-11-01,-1.799307958477503,-4.895104895104884
2002-12-01,-2.1096070037409764,16.678996087102615
2003-01-01,4.731646999120875,17.58526199924688
2003-02-01,9.785106221985473,65.39231749499363
2003-03-01,4.33290723512072,-35.36158674307745
2003-04-01,-5.938682419512742,-13.957891873317696
2003-05-01,-5.635782791432231,2.082328499692032
2003-06-01,-0.37578332131510406,13.03469615792341
2003-07-01,1.2293731085831983,-15.872323359329698
2003-08-01,6.666026971734351,-2.7370870649477297
2003-09-01,3.306202170493,-6.566311058751662
2003-10-01,-6.748611625323953,1.4026095060577948
2003-11-01,-3.0628157943983547,-8.262699648273097
2003-12-01,-2.076389427176173,36.89257908617143
2004-01-01,5.77151393811417,4.929768883795438
2004-02-01,4.271584085623004,-14.975226083642301
2004-03-01,4.66527131622303,NA
2004-04-01,3.2408814589665713,NA
2004-05-01,9.647654806533378,9.011290786458481
2004-06-01,-1.020056883084497,0.32168687401161744
2004-07-01,-2.791928535381849,-5.414806694389296
2004-08-01,-1.7787037689035445,-14.018460773078179
2004-09-01,-0.6357249850125535,-1.3823322399573845
2004-10-01,6.39162088951013,21.34122369806388
2004-11-01,-1.1018062827225172,2.0569286734208214
2004-12-01,-6.63102885075213,10.10144638162318
2005-01-01,-0.7517972466002498,-13.370496188717373
2005-02-01,3.716323382095732,4.406109591759644
2005-03-01,8.0035102640011,10.739667576038926
2005-04-01,7.167673406111219,2.444930502484488
2005-05-01,-3.556698572054995,-9.713838301161815
2005-06-01,-0.2826692869268066,12.346496494329129
2005-07-01,5.725992825714998,2.6584885611572906
2005-08-01,8.006207810457223,18.285008622846654
2005-09-01,15.364188348109554,29.747820254862532
2005-10-01,-6.595102421397603,13.392826806379476
2005-11-01,-16.257809950543802,-25.38729836217786
2005-12-01,-2.7965390420408576,21.922183507549352
2006-01-01,5.193642529002229,-25.423431395528095
2006-02-01,-1.7525835026115266,-19.67690761726303
2006-03-01,5.774085488997738,-4.637514226555329
2006-04-01,12.118206236729701,-2.1185395249911476
2006-05-01,5.493962233568372,-10.718050418966952
2006-06-01,-0.9524434400877801,1.5735544285282677
2006-07-01,3.0229050541008995,-6.141260119073111
2006-08-01,-1.1670940642707017,14.5895773164042
2006-09-01,-13.021937328786803,-26.3248873735527
2006-10-01,-11.654114922643377,12.409415262636259
2006-11-01,-0.5648725870006088,38.309370241968786
2006-12-01,3.6142416768598196,-11.142656505954186
2007-01-01,-3.4507934467243095,9.708779084036024
2007-02-01,1.1552110119179337,3.1518036397667037
2007-03-01,11.495728348036893,-8.86555680698784
2007-04-01,10.286293469932218,4.45321635586422
2007-05-01,9.908345869007462,0.17938866708375745
2007-06-01,-3.0486648688712203,-3.9818922276919966
2007-07-01,-2.9530621620265096,-15.35261729500369
2007-08-01,-5.86446412520899,0.183727160357261
2007-09-01,0.33368348495110833,-2.519451224768987
2007-10-01,-0.21346249569244025,10.61862874655144
2007-11-01,9.233463962575449,4.719253938417789
2007-12-01,-1.9472070094106564,0.06713134891160877
2008-01-01,0.3296668727449825,11.978613008351413
2008-02-01,-0.7810774858604819,6.574101359274076
2008-03-01,6.212746695918714,9.24043428492114
2008-04-01,5.954205306736804,7.530634801871794
2008-05-01,7.99744838650982,9.782800702245664
2008-06-01,6.573431077832015,11.476474446401541
2008-07-01,-0.32605304019026615,-13.064850471484114
2008-08-01,-6.594176163588184,-25.219996080609917
2008-09-01,-1.8754059184263427,-7.01425613507446
2008-10-01,-16.76657684794993,-11.228451979881394
2008-11-01,-28.255515018372513,1.0450984795122187
2008-12-01,-20.604094453167566,-11.963738770532462
2009-01-01,5.527658683749648,-10.355804692095361
2009-02-01,7.0181415190685215,-13.787507577629087
2009-03-01,1.624948571275442,-12.986924308888593
2009-04-01,4.333725302292946,-12.088147229185486
2009-05-01,10.271982252558853,9.426014430833574
2009-06-01,15.118820463701343,-1.6282921891487057
2009-07-01,-3.8003367032800495,-10.911373818361147
2009-08-01,3.290298151902693,-7.3084848848059885
2009-09-01,-2.4310580705014906,-4.83659293753913
2009-10-01,-0.21356723516995357,33.9846715785032
2009-11-01,3.846533626242099,-8.792731802445076
2009-12-01,-1.4862487990623174,46.43276049771616
2010-01-01,3.788000003377534,8.600822177334999
2010-02-01,-2.639364278279932,-8.770590959862512
2010-03-01,4.41240284226605,-19.6906751142506
2010-04-01,2.563561639104406,-6.223485074358193
2010-05-01,-0.4984816283910565,2.6499545627904464
2010-06-01,-3.5729983045828084,16.055329984171763
2010-07-01,-0.1308863463328258,-3.5620192329744893
2010-08-01,-0.10128313069770467,-6.824108987181199
2010-09-01,-0.973358301033278,-10.006056441216826
2010-10-01,3.4202046402763253,-11.934851427172987
2010-11-01,2.027771422449587,8.117785946112921
2010-12-01,4.507363763574435,14.358737345833173
2011-01-01,2.9177310580754234,5.14622317324871
2011-02-01,3.238872050994024,-9.35568616780772
2011-03-01,9.829079874049707,-4.355618141897477
2011-04-01,6.028832669068773,6.151885451553496
2011-05-01,2.308196741166979,1.6544995927296524
2011-06-01,-5.684962003453709,6.378428953044946
2011-07-01,-0.9030218393958789,-3.3607359714403207
2011-08-01,-0.5755416459943041,-8.829289443488776
2011-09-01,-0.9198915455450374,-3.8497042851595276
2011-10-01,-4.316620600705756,-8.272333396637222
2011-11-01,-1.7732882362189728,-9.167074335369986
2011-12-01,-3.248358126738393,-1.918574384587024
2012-01-01,3.037125191930423,-16.141862520189708
2012-02-01,5.423397533471497,-6.7774974117815745
2012-03-01,6.816604041115193,-13.85423903187556
2012-04-01,0.9411596973812442,-10.408906185642286
2012-05-01,-4.195267430826455,24.76179000165688
2012-06-01,-5.032229374824104,1.3832359625855828
2012-07-01,-2.6670250587958355,20.114460035758963
2012-08-01,7.630157525133363,-4.261612827970063
2012-09-01,2.952746997958977,-0.09369048387826151
2012-10-01,-2.6381532754665593,16.536552065066946
2012-11-01,-7.409670588510153,7.1341167572719355
2012-12-01,-3.854631680734788,-5.394939986407765
2013-01-01,-0.023756839827726584,-0.59337682113626
2013-02-01,9.677214911709386,-0.8123497842061123
2013-03-01,0.8534839130792005,14.11605700376306
2013-04-01,-3.699397047040409,9.56272463138179
2013-05-01,1.080539623177179,-3.289689783299665
2013-06-01,0.06416290936746005,-5.424972260741912
2013-07-01,-1.0042550445639509,-5.520253507685069
2013-08-01,-0.5929855712118903,-5.362461266354368
2013-09-01,-1.289954115304237,5.41675843769811
2013-10-01,-5.078313075579399,1.919931256340801
2013-11-01,-2.8218559360031703,-0.8845206690983543
2013-12-01,1.0262455316783603,16.493512966357727
2014-01-01,0.7545940852128119,10.673174042157374
2014-02-01,0.9247069485809112,26.919199426314535
2014-03-01,4.6005040145634,-18.855904886447473
2014-04-01,3.2824863036565732,-5.210457031567439
2014-05-01,-0.021406922701472375,-2.05880856637205
2014-06-01,0.3304602667980827,0.03206820188150772
2014-07-01,-2.1557545937502587,-11.730263563977516
2014-08-01,-3.2723669326393923,-3.2952434577534717
2014-09-01,-2.396367130617527,0.1803618585603628
2014-10-01,-6.66510577676358,-3.328563065309831
2014-11-01,-7.669238046824212,9.586411832855845
2014-12-01,-12.17371942328237,-15.052318657239361
2015-01-01,-16.397768402012836,-13.67421994009691
2015-02-01,4.273035443336415,-4.428449463834527
2015-03-01,10.533471290244423,-1.9771330386719743
2015-04-01,-3.6450654109509983e-4,-7.960955302449458
2015-05-01,9.526771311628623,8.641630699546866
2015-06-01,2.7306555948569677,-2.7966311154985823
2015-07-01,-0.29219547480319186,2.151424418469694
2015-08-01,-5.5211668156460725,-2.32645600858038
2015-09-01,-10.140839537426395,-3.8213924538730515
2015-10-01,-3.1276854515733032,-11.990498745370815
2015-11-01,-5.56486976325129,-10.494843906968498
2015-12-01,-5.236889669203437,-7.33887037644847
2016-01-01,-4.524856666920318,17.93974856701359
2016-02-01,-9.566480911094022,-12.791077862932942
2016-03-01,11.142734561783652,-13.438062349102953
2016-04-01,6.8069778912025924,10.458965495223227
2016-05-01,6.903034548729403,-0.4029488529694758
2016-06-01,3.979480964948179,34.4542363882919
2016-07-01,-5.214333075564137,9.056777622364343
2016-08-01,-2.813689383097151,-0.09175873680190572
2016-09-01,1.6381233451596477,5.774088323411886
2016-10-01,1.2257572801288807,-0.45855131366812074
2016-11-01,-2.8279545088721103,-14.296221327434367
2016-12-01,3.2659238769324084,40.73824708650151
2017-01-01,3.610913161641993,-8.610587059635932
2017-02-01,-2.223325707238988,-13.907221623259591
2017-03-01,0.8295043267870339,0.970562920276441
2017-04-01,3.649612862066154,7.320625991722696
2017-05-01,-1.1601942340171756,1.526126629376079
2017-06-01,-1.929195318789545,-5.482563204838731
2017-07-01,-1.9348991218718803,0.06903989607247585
2017-08-01,3.1693252465894384,-2.975100192494562
2017-09-01,10.549106665140041,2.217389233014666
2017-10-01,-5.233109005929881,-3.294582802659296
2017-11-01,2.352799721452725,4.5113466832070515
2017-12-01,-3.3363136905771973,-6.257187307742129
2018-01-01,2.5900858551483497,36.843165748320715
2018-02-01,0.795370428159603,-31.49621045798576
2018-03-01,-0.07133204957318062,0.5217712894185267
2018-04-01,5.985490714139052,3.677093391601516
2018-05-01,4.787267014418406,-0.4141691972590067
2018-06-01,-0.5032941030434501,5.9026329380590825
2018-07-01,-1.4594323717915914,-4.720232597743445
2018-08-01,-0.5115704900750084,4.535565644437489
2018-09-01,-0.11606764406451031,1.233715225610288
2018-10-01,0.6684050820805698,9.14050787248486
2018-11-01,-7.136520289398041,25.114172920885515
2018-12-01,-10.329386858047073,-0.9059913085678439
2019-01-01,-5.168126505699111,-23.166292869990667
2019-02-01,2.2811751690016813,-13.868903871475435
2019-03-01,8.35365806432371,9.050236048847848
2019-04-01,10.622520665275381,-10.64263889658994
2019-05-01,1.963073893979117,-0.5889805520952085
2019-06-01,-5.020663730355979,-9.109009775434384
2019-07-01,0.7153629380904247,-1.414730230618444
2019-08-01,-4.338218679710614,-6.324367544990195
2019-09-01,-1.1838652807644956,15.225042419804824
2019-10-01,1.1191310399420784,-9.191979438674004
2019-11-01,-1.0508600351380015,13.365512496490872
2019-12-01,-1.565566674900698,-15.832517898874798
2020-01-01,-0.6593913099396498,-9.360668761531654
2020-02-01,-4.4220682015546515,-5.703973953167352
2020-03-01,-8.318067280545261,-6.078306546465095
2020-04-01,-17.036994860159503,-2.13890463362989
2020-05-01,1.5732500102103586,0.5727513124331951
2020-06-01,10.730973313392788,-7.364051116631654
2020-07-01,4.323411488777351,7.432042690887086
2020-08-01,-0.35999443455327906,30.27104614812084
2020-09-01,-0.0933152156381678,-16.637841521839334
2020-10-01,-1.1862145803333557,24.427536983271136
2020-11-01,-2.2572757805307875,9.27174522227614
2020-12-01,4.029193479253146,-1.242403437976336
2021-01-01,5.882174187760203,4.593840139890615
2021-02-01,6.57168434815838,96.34212223406121
2021-03-01,11.564813927643836,-51.37247939345079
2021-04-01,0.8790691485031088,0.6990809589529245
2021-05-01,3.6129906584219773,8.528412544949182
2021-06-01,1.7016900453428185,10.996262550159619
2021-07-01,1.8598701499555004,17.22748546618145
2021-08-01,0.4939190828378237,5.771069678543106
2021-09-01,0.2659958665589768,26.437925061380252
2021-10-01,2.799473097509053,5.903090307138892
2021-11-01,2.6557421510002177,-8.79657874873876
2021-12-01,-2.890417985413918,-25.772619356325222
2022-01-01,-0.5945434509474046,15.517332583822752
2022-02-01,5.133229590561816,6.108433341695929
2022-03-01,18.46383765880688,3.1010704172941272
2022-04-01,-3.2167521395580767,33.94611918490455
2022-05-01,6.97360909256215,21.988589192690533
2022-06-01,9.410717455342521,-6.687157676827315
2022-07-01,-7.495667097444514,-5.443376507654407
2022-08-01,-12.778915627200949,21.05938687558766
2022-09-01,-7.118008143332699,-10.748147653882567
2022-10-01,2.691540445859064,-28.462779170613583
2022-11-01,-3.309942057549642,-3.612893823928409
2022-12-01,-12.621836024237943,1.78036493791065
2023-01-01,3.193621043141448,-41.337024598677196
2023-02-01,0.9340294216226619,-27.621152109465562
2023-03-01,0.640544899150508,-3.261451680421712
2023-04-01,4.759323032638152,-6.964178314342961
2023-05-01,-1.5800873012188577,-0.7130107926403673
2023-06-01,0.12676957176436243,1.069005685882618
2023-07-01,0.5363128437577247,16.749775114698018
2023-08-01,6.291438497054513,0.7365385035411842
2023-09-01,-0.3518055388593955,2.0719192482134607
2023-10-01,-5.777224153846683,12.922079891911299
2023-11-01,-7.979525770262274,-8.876776673459519
2023-12-01,-5.451592487825907,-6.918610474336684
2024-01-01,-2.414177314559507,25.506777543143897
2024-02-01,3.8127179028987213,-46.24467748807229
2024-03-01,5.977459260429674,-13.928473994130874
2024-04-01,4.991122041655838,6.966099963671901
2024-05-01,-0.387064877226051,32.28019957397896
2024-06-01,-4.14004129649701,19.770897423770872
2024-07-01,0.7223467490761415,-18.205263128908665
2024-08-01,-2.8058559061864052,-4.404726821863624
2024-09-01,-5.31565902261123,14.389359364495903
2024-10-01,-2.5080091738072574,-3.6197326848978917
2024-11-01,-2.624968025587837,-3.584133692060032
2024-12-01,-1.1814939288613213,41.93074666715289
2025-01-01,1.2589455246594161,36.316950116520296
2025-02-01,1.0142635983140469,1.004154123558454
2025-03-01,-1.0234327147088496,-1.8911020788035304
2025-04-01,2.1044806803252936,-17.248018689006408
2025-05-01,-0.8692922086931398,-8.962068119609201
2025-06-01,-0.339780692644176,-3.5340184909568584
2025-07-01,-0.9432059435464546,5.800528115396197
2025-08-01,-0.031174259821720174,-9.322982257945034
2025-09-01,0.7969367876364597,1.80293027271341
2025-10-01,NA,NA
2025-11-01,NA,NA
2025-12-01,-5.094843229427337,12.42464182286438
2026-01-01,-3.294622796374558,80.55316761538572
2026-02-01,3.038736672569864,-53.328782269656315
2026-03-01,23.804445449617283,-16.893888998785023
2026-04-01,11.831119520628652,-9.649609119414349
2026-05-01,8.478988448480518,5.471140608527669
2026-06-01,-9.260966903297529,7.177223970270363
2026-07-01,-2.903694771223131,-7.952411978943086
2026-08-01,2.877282966803185,-3.7662714357165505
