date,gasoline,natural_gas,cpi,gasoline_real,natural_gas_real,gasoline_index,natural_gas_index
2000-01-01,1.289,2.39,168.8,2.5579930094786727,4.742904028436019,100,100
2000-02-01,1.377,2.59,169.8,2.716533922261484,5.1095300353356885,106.1978634107027,107.72998999561382
2000-03-01,1.516,2.81,171.2,2.9662948598130847,5.4982114485981315,115.96180477512817,115.92499902240644
2000-04-01,1.465,3.05,171.3,2.864831873905429,5.964325744308231,111.99529722285251,125.75261292552396
2000-05-01,1.487,3.89,171.5,2.9044621574344025,7.598088629737609,113.54456977293856,160.19908022982057
2000-06-01,1.633,4.3,172.4,3.172983410672854,8.355069605568445,124.04191094015218,176.15936471570444
2000-07-01,1.551,3.97,172.8,3.006678125,7.696010416666668,117.54051374881477,162.26367580970094
2000-08-01,1.465,4.41,172.8,2.8399635416666666,8.54896875,111.02311582334858,180.24755927475593
2000-09-01,1.55,4.92,173.7,2.989170984455959,9.48820725388601,116.85610450769613,200.05058497915175
2000-10-01,1.532,4.96,174,2.949364137931035,9.548855172413793,115.2999295542299,201.32929351223967
2000-11-01,1.517,5.41,174.1,2.9188090752441127,10.409200459506033,114.10543595812936,219.468924462688
2000-12-01,1.443,8.53,174,2.7780237931034484,16.42172068965517,108.60169604879486,346.237676141009
2001-01-01,1.447,8.65,175.1,2.768224214734438,16.54812678469446,108.2185996786055,348.90283854533806
2001-02-01,1.45,5.52,175.8,2.762918088737201,10.518143344709896,108.01116650824206,221.76589029945592
2001-03-01,1.409,5.24,176.2,2.6786993189557324,9.961947786606132,104.71878965383334,210.03899144657794
2001-04-01,1.552,5.07,176.9,2.938886150367439,9.600613906161675,114.89031203280706,202.42058132741712
2001-05-01,1.702,4.23,177.7,3.2084184580754087,7.973918964546991,125.42717850230932,168.1231354617227
2001-06-01,1.616,3.68,178,3.041166741573034,6.925429213483146,118.88878235022361,146.01664237694513
2001-07-01,1.421,3.12,177.5,2.681727211267606,5.888099154929577,104.8371594969351,124.1454416877836
2001-08-01,1.421,3.01,177.5,2.681727211267606,5.680505915492958,104.8371594969351,119.76851906417586
2001-09-01,1.522,2.15,178.3,2.8594478968031405,4.039298934380258,111.78482060769608,85.16509948678477
2001-10-01,1.315,2.46,177.7,2.4788897017445133,4.637314575126618,96.90760266188995,97.77373835362596
2001-11-01,1.171,2.24,177.4,2.211170124013529,4.22973618940248,86.44160151415632,89.18030312321632
2001-12-01,1.086,2.37,176.7,2.0587904923599325,4.492940577249577,80.4846019801876,94.72973836940851
2002-01-01,1.107,2.33,177.1,2.093861434217956,4.40713382269904,81.85563551030546,92.92057769409053
2002-02-01,1.114,2.34,177.8,2.09880607424072,4.4086231721034865,82.04893705587035,92.9519793289437
2002-03-01,1.249,2.93,178.8,2.3399889261744966,5.489325503355705,91.4775340473426,115.73764660732171
2002-04-01,1.397,3.32,179.8,2.602708898776418,6.185392658509455,101.74808489046102,130.41361624492114
2002-05-01,1.392,3.38,179.8,2.5933935483870965,6.2971768631813125,101.3839185164794,132.77048882766067
2002-06-01,1.382,3.38,179.9,2.5733316286826016,6.293676486937188,100.5996349148372,132.69668644365422
2002-07-01,1.397,3.07,180.1,2.5983734591893395,5.710097723486951,101.57859890785613,120.39243655895493
2002-08-01,1.396,3.17,180.7,2.587891975650249,5.876516878804649,101.16884471774493,123.90123948475595
2002-09-01,1.4,3.62,181,2.5910055248618784,6.6996,101.29056315872941,141.255230125523
2002-10-01,1.445,4.29,181.3,2.6698626585769443,7.926443463872035,104.37333677941017,167.12215588485762
2002-11-01,1.419,4.08,181.3,2.62182360728075,7.538435741864314,102.4953390242097,158.94135105133313
2002-12-01,1.386,4.75,180.9,2.566513432835821,8.795771144278607,100.33309017364691,185.45117277397298
2003-01-01,1.458,5.61,181.7,2.687951788662631,10.342530544854156,105.08049782397352,218.06324738695218
2003-02-01,1.613,9.35,183.1,2.9509707263790284,17.10575095576188,115.36273615464046,360.65985845812133
2003-03-01,1.693,6.08,184.2,3.0788335504886,11.056885993485343,120.36129649611811,233.1248097619924
2003-04-01,1.589,5.22,183.8,2.8959914036996737,9.51357780195865,113.21342134120555,200.58550088553594
2003-05-01,1.497,5.32,183.5,2.732779618528611,9.71168174386921,106.83295882366623,204.76234993672546
2003-06-01,1.493,6.02,183.7,2.722510288513882,10.977569951007078,106.43149838273945,231.4525000968015
2003-07-01,1.513,5.07,183.9,2.755980097879282,9.235174551386624,107.73993860291901,194.71561085818425
2003-08-01,1.62,4.95,184.6,2.9396944745395457,8.982399783315277,114.92191196951961,189.38607505995097
2003-09-01,1.679,4.64,185.2,3.036886717062635,8.39258747300216,118.72146271742793,176.9503962695537
2003-10-01,1.564,4.7,185,2.831939027027027,8.510302702702704,110.70941228272494,179.43231934863738
2003-11-01,1.512,4.3,184.5,2.7452019512195123,7.8071219512195125,107.31858691744407,164.60636572892926
2003-12-01,1.479,5.88,184.3,2.6882008681497562,10.68737059142702,105.09023512529538,225.33389938634704
2004-01-01,1.572,6.2,185.2,2.8433507559395252,11.214233261339094,111.15553269314873,236.44233984293814
2004-02-01,1.648,5.3,186.2,2.964806874328679,9.534876476906552,115.90363473795874,201.0345648940043
2004-03-01,1.736,NA,187.4,3.103123159018143,NA,121.31085376384863,NA
2004-04-01,1.798,5.7,188,3.2036917021276596,10.156308510638299,125.24239473119522,214.1369180094365
2004-05-01,1.983,6.25,189.1,3.51277281861449,11.071523003701746,137.3253486462969,233.43341837242698
2004-06-01,1.969,6.29,189.7,3.4769405376910916,11.10713863995783,135.92455197521056,234.18434303888768
2004-07-01,1.911,5.94,189.4,3.379866842661035,10.505708553326293,132.12963562202475,221.5037135548064
2004-08-01,1.878,5.11,189.5,3.3197490237467018,9.032969920844328,129.77944081337728,190.45230235921443
2004-09-01,1.87,5.05,189.9,3.2986445497630337,8.908104265402844,128.95440048271703,187.81961878196188
2004-10-01,2,6.16,190.9,3.509481403876375,10.809202723939237,137.19667688191294,227.9026237750712
2004-11-01,1.979,6.29,191,3.470813717277487,11.031540314136127,135.6850352763415,232.59041819097902
2004-12-01,1.841,6.9,190.3,3.240663058328954,12.145885444035732,126.68772144101409,256.0854145733339
2005-01-01,1.831,5.99,190.7,3.2162998426848457,10.521920293654956,125.73528663943996,221.84552397794513
2005-02-01,1.91,6.29,191.8,3.335827945776851,10.985527632950992,130.40801649636657,231.6202808888269
2005-03-01,2.079,7.02,193.3,3.6028112778065187,12.165336782203827,140.8452354817335,256.4955290949745
2005-04-01,2.243,7.24,194.6,3.861049023638232,12.462770811921892,150.94056196913246,262.7666665233265
2005-05-01,2.161,6.53,194.4,3.723723148148148,11.252157407407408,145.57206115692455,237.24193742789745
2005-06-01,2.156,7.34,194.5,3.7131973264781495,12.641404627249358,145.16057364968762,266.5330049155113
2005-07-01,2.29,7.57,195.4,3.92581473899693,12.977474923234391,153.47245768263548,273.6187543628989
2005-08-01,2.486,9,196.4,4.240123625254583,15.35040733197556,165.7597815765233,323.64996719188065
2005-09-01,2.903,11.82,198.8,4.891584205231388,19.91681891348089,191.22742662335537,419.9287776870428
2005-10-01,2.717,13.43,199.2,4.56897921686747,22.584243975903615,178.61578197974214,476.1691115928148
2005-11-01,2.257,9.94,197.6,3.8261632591093124,16.850714574898785,149.576767603798,355.28263852421526
2005-12-01,2.185,12.07,196.8,3.7191631097560975,20.544759146341462,145.39379489993505,433.16835051195693
2006-01-01,2.316,9.07,198.3,3.9123231467473523,15.321576399394857,152.94502886638836,323.04209209240895
2006-02-01,2.28,7.3,198.7,3.8437564167086062,12.306763965777556,150.2645395224116,259.47739806651185
2006-03-01,2.425,7,199.8,4.065698198198198,11.736036036036037,158.94094249408445,247.44409681648176
2006-04-01,2.742,6.91,201.5,4.558387890818858,11.48740347394541,178.20173370011958,242.20189582316726
2006-05-01,2.907,6.2,202.5,4.808824,10.25617777777778,187.9920696491682,216.24257451314637
2006-06-01,2.885,6.31,202.9,4.763022671266634,10.417564317397733,186.20155151390946,219.6452691207615
2006-07-01,2.981,5.94,203.5,4.907004324324324,9.777794594594596,191.83024762543772,206.15628180481738
2006-08-01,2.952,6.82,203.9,4.849734968121629,11.204333496812165,189.59140819192544,236.23361193135534
2006-09-01,2.555,5,202.9,4.218205519960572,8.254805322819124,164.90293383640858,174.0453796519505
2006-10-01,2.245,5.59,201.8,3.7266110009910802,9.27917839444995,145.68495641630292,195.64339355839286
2006-11-01,2.229,7.72,201.5,3.7055603970223325,12.833973200992556,144.86202203412344,270.5931455506297
2006-12-01,2.313,6.87,201.8,3.8394883052527256,11.403927651139742,150.09768560842258,240.44188081326638
2007-01-01,2.24,7.56,202.416,3.7069954944273182,12.5111097936922,144.9181245097623,263.7858518469276
2007-02-01,2.278,7.84,203.499,3.7498191145902444,12.905435407545,146.59223464236402,272.0998639266287
2007-03-01,2.563,7.21,205.352,4.1808881335463015,11.761296700299974,163.444079716167,247.97669591847682
2007-04-01,2.845,7.58,206.686,4.610946556612446,12.285052688619452,180.25641741500192,259.0196346998501
2007-05-01,3.146,7.64,207.949,5.0678150892766975,12.307090680888102,198.11684670356212,259.48428657002336
2007-06-01,3.056,7.35,208.352,4.913314391030564,11.817035593610813,192.07692799879518,249.15190193100958
2007-07-01,2.965,6.22,208.299,4.768221162847637,10.002811343309377,186.40477691607984,210.90056394431875
2007-08-01,2.786,6.22,207.917,4.4885905433418145,10.021189224546333,175.4731356461605,211.2880455616311
2007-09-01,2.803,6.08,208.49,4.503568228692023,9.768710249892083,176.05866052033758,205.96474630993814
2007-10-01,2.803,6.74,208.936,4.493954799555845,10.80601332465444,175.68284130970818,227.83537806936698
2007-11-01,3.08,7.1,210.177,4.908902496467264,11.315976534064147,191.90445315046873,238.5875081220146
2007-12-01,3.018,7.1,210.036,4.813316002970919,11.323573101753986,188.1676761873516,238.74767513455157
2008-01-01,3.043,7.99,211.08,4.829183911313247,12.67998010233087,188.78800268095534,267.3463352053555
2008-02-01,3.028,8.54,211.693,4.791464243031182,13.513574846593887,187.3134220960087,284.92195426206024
2008-03-01,3.244,9.41,213.528,5.089145779476229,14.762287849837026,198.95073053829077,311.24998020895896
2008-04-01,3.458,10.18,214.823,5.3921639675453745,15.873981836209344,210.7966654937933,334.68907953939384
2008-05-01,3.766,11.27,216.632,5.823399497765796,17.42690184275638,227.6550200171432,367.4310451629132
2008-06-01,4.054,12.69,218.815,6.206196650138246,19.426895779539795,242.61976585319476,409.5991751691811
2008-07-01,4.062,11.09,219.964,6.185961157280284,16.88880089469186,241.82869673052792,356.0856554008953
2008-08-01,3.779,8.26,219.086,5.778047981158084,12.629445970988561,225.8820864540075,266.2808670651753
2008-09-01,3.703,7.67,218.783,5.669686127349931,11.743584282142582,221.64588043598414,247.60324501052676
2008-10-01,3.051,6.74,216.573,4.719073845770248,10.424961560305302,184.48345356236962,219.80123354389173
2008-11-01,2.147,6.68,212.425,3.3856752265505468,10.533912675061787,132.356703634642,222.09837289360806
2008-12-01,1.687,5.82,210.228,2.688087504994577,9.273662880301387,105.08580340266128,195.5271037470137
2009-01-01,1.788,5.24,211.143,2.8366758073911993,8.31330046461403,110.8945879398366,175.2786987628623
2009-02-01,1.923,4.54,212.193,3.035757729991093,7.167103533104297,118.6773270584422,151.112134888963
2009-03-01,1.959,3.96,212.709,3.085087231851967,6.236317222120362,120.60577258890625,131.48731630938772
2009-04-01,2.049,3.49,213.24,3.2187864378165445,5.482462014631402,125.83249547161755,115.59293592620413
2009-05-01,2.266,3.83,213.856,3.549419609456831,5.999239675295526,138.75798707441402,126.48874274763233
2009-06-01,2.631,3.8,215.693,4.086049987714019,5.901554524254379,159.7365580192406,124.42913642932024
2009-07-01,2.527,3.38,215.351,3.9307663303165534,5.257613849018579,153.6660309762792,110.85220821455852
2009-08-01,2.616,3.14,215.834,4.0601002622385725,4.87336193556159,158.72210155359394,102.75059133272384
2009-09-01,2.554,2.99,215.969,3.9613968671429696,4.637657256365498,154.86347509410572,97.78096348904562
2009-10-01,2.551,4.01,216.177,3.952936621379703,6.213749843877934,154.53273745205914,131.01150279709387
2009-11-01,2.651,3.66,216.33,4.104987657745111,5.6673914852308975,160.47689116170497,119.49201272579259
2009-12-01,2.607,5.35,215.949,4.043977327980218,8.298917800036119,158.0918052940416,174.97545280866038
2010-01-01,2.715,5.83,216.687,4.197163189300696,9.012692962660427,164.0803228839195,190.02478035872
2010-02-01,2.644,5.32,216.741,4.0863847633811785,8.222226528437167,159.74964545403498,173.3584841510795
2010-03-01,2.772,4.29,217.631,4.2666925208265365,6.6032146155648785,166.79844335055873,139.22302825390082
2010-04-01,2.848,4.03,218.009,4.3760718135489824,6.1922645395373594,171.07442425891693,130.55850387044978
2010-05-01,2.836,4.14,218.178,4.354257899513241,6.356356736242884,170.22164968311048,134.01824490087571
2010-06-01,2.732,4.8,217.965,4.19868033858647,7.37689078521781,164.13963302590005,155.53531635870678
2010-07-01,2.729,4.63,218.011,4.1931848392971,7.114124516652829,163.92479665734837,149.99511847594192
2010-08-01,2.73,4.32,218.312,4.188937850415918,6.628648906152662,163.75876849130395,139.75928811569207
2010-09-01,2.705,3.89,218.439,4.14816447612377,5.965382555312925,162.16480892452398,125.7748948649931
2010-10-01,2.801,3.43,218.711,4.29004019002245,5.253423010273832,167.7111772442558,110.76384803017314
2010-11-01,2.859,3.71,218.803,4.3770323990073265,5.679884645091704,171.11197656866858,119.75542011894042
2010-12-01,2.993,4.25,219.179,4.574321171280095,6.49544436282673,178.8246157956607,136.9507863512181
2011-01-01,3.095,4.49,220.223,4.707787560790654,6.829714425831997,184.04223715021473,143.99857945437086
2011-02-01,3.211,4.09,221.309,4.8602667763172755,6.190747777993665,190.0031297312972,130.5265242745187
2011-03-01,3.561,3.95,223.467,5.337986279853402,5.921102444656258,208.67868911578068,124.84128730322954
2011-04-01,3.8,4.22,224.906,5.659804540563613,6.285361884520644,221.25957809857735,132.52138029436898
2011-05-01,3.906,4.31,225.964,5.790443964525323,6.389353171301623,226.3666844697685,134.71394599161906
2011-06-01,3.68,4.58,225.722,5.4612594253107805,6.796893523892222,213.49782446918425,143.30657932653784
2011-07-01,3.65,4.43,225.922,5.411943059994158,6.568467878294278,211.56989248759243,138.49042356567023
2011-08-01,3.639,4.05,226.545,5.380795073826393,5.98851883731709,210.35221964594098,126.26270321754359
2011-09-01,3.611,3.9,226.889,5.33129759485916,5.757978571019309,208.41720736155162,121.40196252121956
2011-10-01,3.448,3.57,226.421,5.101165704594539,5.2816593867176636,199.42062725316725,111.3591874314037
2011-11-01,3.384,3.24,226.23,5.010707333244928,4.797485744596209,195.88432472949276,101.15080794030293
2011-12-01,3.266,3.17,225.672,4.8479416143783896,4.705442411996172,189.52130034813567,99.21015444935747
2012-01-01,3.38,2.67,226.665,4.995179670438754,3.945896366885051,195.277299505083,83.1957877120743
2012-02-01,3.579,2.5,227.663,5.266088121477798,3.6784633427478335,205.86796374987142,77.55719535317718
2012-03-01,3.852,2.17,229.392,5.625056497175141,3.1688402385436287,219.9011676862067,66.81223612252933
2012-04-01,3.9,1.95,230.085,5.677997261881479,2.8389986309407393,221.97078885054,59.85781314400544
2012-05-01,3.732,2.43,229.815,5.439790092030547,3.541985510084199,212.65852063994475,74.67967913430824
2012-06-01,3.539,2.46,229.478,5.166047377090615,3.590979527449254,201.95705609623508,75.71267531283752
2012-07-01,3.439,2.95,229.104,5.028267598994343,4.3132856693903205,196.5708108021421,90.94187113064217
2012-08-01,3.722,2.84,230.379,5.4119323375828525,4.1294701339965885,211.56947331477744,87.06628068454272
2012-09-01,3.849,2.85,231.407,5.571733007212401,4.125601213446439,217.81658458667715,86.98470786487458
2012-10-01,3.746,3.32,231.317,5.424742150382376,4.8078334061050425,212.07024922589434,101.36897936959593
2012-11-01,3.452,3.54,230.221,5.02278662676298,5.1508298547917,196.3565423420231,108.6007607134778
2012-12-01,3.31,3.34,229.601,4.829176702192064,4.872945675323714,188.78772085371202,102.74181484820338
2013-01-01,3.319,3.33,230.28,4.828029442417926,4.844030745179781,188.7428708572544,102.1321687332794
2013-02-01,3.67,3.33,232.166,5.295248227561314,4.804680271874435,207.00792410064102,101.30249828096957
2013-03-01,3.711,3.81,232.773,5.340442319341161,5.4829116779007885,208.77470343163918,115.60241668454734
2013-04-01,3.57,4.17,232.531,5.142878153880558,6.007227423440316,201.05129821792173,126.65715745931317
2013-05-01,3.615,4.04,232.945,5.198448990104961,5.809608276631824,203.22373715807854,122.49052989055636
2013-06-01,3.626,3.83,233.504,5.201784466218995,5.494438639166781,203.35413142036444,115.84545262195792
2013-07-01,3.591,3.62,233.596,5.149545283309647,5.191131697460573,201.3119372972462,109.45048996010063
2013-08-01,3.574,3.43,233.877,5.119009222796598,4.912759270898806,200.1181865559464,103.58124983015516
2013-09-01,3.532,3.62,234.149,5.05297635266433,5.178871573229013,197.53675377299575,109.19199592020324
2013-10-01,3.344,3.68,233.546,4.796370393841042,5.278302347289185,187.50521897706662,111.2884071792976
2013-11-01,3.243,3.64,233.069,4.66102373116974,5.231614672049909,182.21409182504652,110.30403821548637
2013-12-01,3.276,4.24,233.049,4.708857278941338,6.094491716334334,184.08405580048938,128.49704906097378
2014-01-01,3.313,4.71,233.916,4.7443900374493415,6.744967424203561,185.47314319737973,142.21176274628786
2014-02-01,3.356,6,234.781,4.788261741793416,8.560658656364868,187.18822624027732,180.49403076763838
2014-03-01,3.533,4.9,236.293,5.008545915452426,6.946469002467277,195.7998281032513,146.46024800037725
2014-04-01,3.661,4.66,237.072,5.172950749139503,6.584526219882568,202.2269306433236,138.82899970999048
2014-05-01,3.673,4.58,237.9,5.171843379571249,6.448963430012611,202.18364008059925,135.97077637135257
2014-06-01,3.692,4.59,238.343,5.188934267001759,6.451031496624612,202.8517766770317,136.01437975441917
2014-07-01,3.611,4.05,238.25,5.077073578174187,5.6943084994753415,198.47879018281256,120.05953452431653
2014-08-01,3.487,3.91,237.852,4.910933101256243,5.50666717118208,191.98383588456747,116.1032805674947
2014-09-01,3.406,3.92,238.031,4.793249114611123,5.516599098436758,187.38319834533098,116.3126866021758
2014-10-01,3.171,3.78,237.433,4.473773990978508,5.332975618384976,174.893909967732,112.44114547566618
2014-11-01,2.912,4.12,236.151,4.130669613933458,5.84421662410915,161.4808796829082,123.2202167505441
2014-12-01,2.543,3.48,234.812,3.6278134848304178,4.964526514828885,141.82265046806276,104.67271707511118
2015-01-01,2.116,2.99,233.707,3.0329330315309346,4.285666240206755,118.56690070271365,90.3595395249851
2015-02-01,2.216,2.87,234.722,3.162531334940909,4.0958776765705815,123.63330639380612,86.35801298136755
2015-03-01,2.464,2.83,236.119,3.4956556651518937,4.014896725803514,136.65618522797763,84.65060017517229
2015-04-01,2.469,2.61,236.599,3.49564292325834,3.69527259202279,136.65568710724364,77.91160373197162
2015-05-01,2.718,2.85,237.805,3.8286648304282918,4.014604402766973,149.67456190228552,84.64443679858299
2015-06-01,2.802,2.78,238.638,3.933212480828703,3.902330726875016,153.76165870094792,82.27724414153529
2015-07-01,2.794,2.84,238.654,3.921719811945327,3.986286423022451,153.3123740922414,84.04737686284021
2015-08-01,2.636,2.77,238.316,3.705195119085584,3.893547223014821,144.8477421695814,82.092051613760475
2015-09-01,2.365,2.66,237.945,3.32945722751056,3.744759503246549,130.15896506257906,78.95499214816265
2015-10-01,2.29,2.34,237.838,3.2253222781893562,3.295744161992617,126.08800204839838,69.48789480522957
2015-11-01,2.158,2.09,237.336,3.045837293962989,2.949860956618465,119.07136894731939,62.195248711182266
2015-12-01,2.038,1.93,236.525,2.886330155374696,2.733374484726773,112.83573272793812,57.63082002795886
2016-01-01,1.949,2.28,236.916,2.7557278529098923,3.2237349946816596,107.73007755292963,67.9696442380828
2016-02-01,1.764,1.99,237.111,2.4921016738995663,2.8113845414173113,97.42410024832182,59.275594120431116
2016-03-01,1.969,1.73,238.132,2.769789948431962,2.4335889338686107,108.27980913819833,51.31010282472637
2016-04-01,2.113,1.92,239.261,2.9583289378544775,2.6881171607574994,115.65039180687185,56.67660877472806
2016-05-01,2.268,1.92,240.229,3.1625434064996316,2.6772854234917514,123.63377830904113,56.448231029768294
2016-06-01,2.366,2.59,241.018,3.288396219369508,3.599723672090881,128.55376098309563,75.8970379857738
2016-07-01,2.239,2.82,240.628,3.116928287647323,3.92574264009176,121.85053970427244,82.77086393810673
2016-08-01,2.178,2.82,240.849,3.0292276073390383,3.922140428235118,118.42204400536671,82.6949144389171
2016-09-01,2.219,2.99,241.428,3.07885009195288,4.148608280729659,120.36194315403387,87.46979183759007
2016-10-01,2.249,2.98,241.729,3.1165893210992475,4.129584782959429,121.83728843474903,87.06869795805603
2016-11-01,2.182,2.55,241.353,3.0284535928701946,3.539210202483499,118.39178534297102,74.62116419105702
2016-12-01,2.254,3.59,241.432,3.1273605818615597,4.981022399681898,122.25837092881368,105.02051843803382
2017-01-01,2.349,3.3,242.839,3.2402868567240026,4.552127129497321,126.67301453589131,95.97763526744589
2017-02-01,2.304,2.85,243.603,3.1682447260501716,3.9190527210256034,123.85666083958024,82.62981282203843
2017-03-01,2.325,2.88,243.801,3.19452545313596,3.9570895935619625,124.88405720025851,83.43178714638297
2017-04-01,2.417,3.1,244.524,3.311113264955587,4.246773322864014,129.44184181450922,89.53951624157985
2017-05-01,2.391,3.15,244.733,3.2726979197737944,4.311584461433481,127.94006502937164,90.9060026427571
2017-06-01,2.347,2.98,244.955,3.2095611847073955,4.075199118205385,125.4718512839687,85.92202359087558
2017-07-01,2.3,2.98,244.786,3.1474594135285514,4.07801263144134,123.0440975352788,85.9813440666661
2017-08-01,2.38,2.9,245.519,3.2472126393476675,3.9566876697933764,126.94376518290251,83.4233129338293
2017-09-01,2.645,2.98,246.819,3.589764564316362,4.044422836167394,140.3351983767918,85.27313249264817
2017-10-01,2.505,2.88,246.663,3.4019082716094426,3.9111759769401977,132.99130447204632,82.4637385342565
2017-11-01,2.564,3.01,246.669,3.4819483599479466,4.08762268465028,136.120323513221,86.18396366747022
2017-12-01,2.477,2.82,246.524,3.365779640116175,3.831852476837955,131.5789225241914,80.79127163156018
2018-01-01,2.555,3.88,247.867,3.4529562224902874,5.243628236110496,134.9869295848471,110.55733374895195
2018-02-01,2.587,2.67,248.991,3.480420015181272,3.5920840512307675,136.0605757046456,75.73596323464432
2018-03-01,2.591,2.69,249.554,3.477937360250688,3.6108265145018716,135.9635209073344,76.13113174656726
2018-04-01,2.757,2.8,250.546,3.686108977992066,3.743599977648815,144.10160482585943,78.93054456097173
2018-05-01,2.901,2.8,251.588,3.8625728572109956,3.7280951396727984,151.00013342093536,78.60363855817138
2018-06-01,2.891,2.97,251.989,3.8431327557948958,3.948150911349305,150.24015865384007,83.24332281821891
2018-07-01,2.849,2.83,252.006,3.7870448322658987,3.76178900502369,148.0475051430149,79.31404435910854
2018-08-01,2.836,2.96,252.146,3.7676714284581156,3.932407414751771,147.2901377954109,82.91138490627417
2018-09-01,2.836,3,252.439,3.7632983809950127,3.980922123760592,147.11918160253242,83.93427528562724
2018-10-01,2.86,3.28,252.885,3.7884524586274395,4.34479862388042,148.10253368907908,91.6062943258231
2018-11-01,2.647,4.09,252.038,3.518088780263293,5.435958863346003,137.53316632324538,114.61245748922565
2018-12-01,2.366,4.04,251.233,3.154691780140348,5.386709548506765,123.32683351559606,113.57407858583724
2019-01-01,2.248,3.11,251.712,2.9916533180778035,4.138808638443936,116.95314674403713,87.26317491624884
2019-02-01,2.309,2.69,252.776,3.0598981707124095,3.564801246953825,119.62105288692821,75.16072907191682
2019-03-01,2.516,2.95,254.202,3.3155116010102206,3.887424174475418,129.61378661804602,81.96295246896031
2019-04-01,2.798,2.65,255.548,3.6677025059871338,3.4736996572072565,143.3820378865939,73.2399314087052
2019-05-01,2.859,2.64,256.092,3.739702216390985,3.453240241788108,146.19673324100086,72.80856245634006
2019-06-01,2.716,2.4,256.143,3.5519443435893243,3.138684250594395,138.85668688020465,66.1764233848388
2019-07-01,2.74,2.37,256.571,3.5773536370049617,3.0942803356575763,139.8500161552059,65.24020551767143
2019-08-01,2.621,2.22,256.558,3.4221602132851054,2.898586674358235,133.78301663078244,61.11417513362691
2019-09-01,2.592,2.56,256.759,3.381646446667887,3.339897725104086,132.19920594533124,70.41883422223542
2019-10-01,2.627,2.33,257.346,3.419491501713646,3.0328950129397776,133.6786882936224,63.94594945957361
2019-11-01,2.598,2.64,257.208,3.383557432117197,3.438256974899692,132.27391238284804,72.49265332559267
2019-12-01,2.555,2.22,256.974,3.330585584533844,2.8938943239393873,130.2030760909948,61.015241012448946
2020-01-01,2.548,2.02,257.971,3.3086239926193253,2.6230064619666553,129.34452832197667,55.303806407223384
2020-02-01,2.442,1.91,258.678,3.1623143831326983,2.473390856586181,123.6248250645997,52.14929169464527
2020-03-01,2.234,1.79,258.115,2.8992709451213607,2.323050578230634,113.34162894026993,48.979497883634465
2020-04-01,1.841,1.74,256.389,2.4053223032189366,2.273362741771293,94.03162144329507,47.931873133872756
2020-05-01,1.87,1.75,256.394,2.4431640365999208,2.2863834567111554,95.5109739372527,48.20640356632083
2020-06-01,2.082,1.63,257.797,2.705339317369868,2.1180130102367363,105.7602310618208,44.65645936620722
2020-07-01,2.183,1.76,259.101,2.822302268227448,2.2754246413560733,110.33268104210505,47.97534649054239
2020-08-01,2.182,2.3,259.918,2.812142137135558,2.964219484606683,109.93548953086005,62.49798576641535
2020-09-01,2.183,1.92,260.28,2.8095179806362385,2.4710373443983404,109.83290299174146,52.099669940257456
2020-10-01,2.158,2.39,260.388,2.776191068712844,3.0746509055716857,108.53004908245003,64.82633608307603
2020-11-01,2.108,2.61,260.229,2.71352478009753,3.3597247040106986,106.08022656991372,70.8368688016353
2020-12-01,2.195,2.58,260.474,2.8228579435951384,3.317983368781529,110.35440414164565,69.95678910828899
2021-01-01,2.334,2.71,261.582,2.98890336491043,3.47040622061151,116.8456424171221,73.1704921669242
2021-02-01,2.501,5.35,263.014,3.1853246595238276,6.813869223691515,124.52436921135322,143.6644971696465
2021-03-01,2.81,2.62,264.877,3.5537015293891128,3.3134156608539063,138.92538080521842,69.86048296546517
2021-04-01,2.858,2.66,267.054,3.5849410231638554,3.3365791188299,140.14663096731752,70.34886429970928
2021-05-01,2.985,2.91,269.195,3.714464607440703,3.621136350972344,145.21011565225984,76.34850566787496
2021-06-01,3.064,3.26,271.696,3.777673281903304,4.019326011424533,147.68114173514516,84.743987804238
2021-07-01,3.136,3.84,273.003,3.847933099636268,4.711754815881145,150.4278192073906,99.34324598667568
2021-08-01,3.158,4.07,273.567,3.8669387755102047,4.983673469387756,151.17081091235272,105.07641393349321
2021-09-01,3.175,5.16,274.31,3.877224672815428,6.30125332652838,151.57291902082324,132.85643750641586
2021-10-01,3.291,5.51,276.589,3.985766534460879,6.6732220008749445,155.81616211192036,140.69907299126714
2021-11-01,3.395,5.05,277.948,4.091618216357017,6.0862067724898194,159.95423760719746,128.32236823684488
2021-12-01,3.307,3.76,278.802,3.973353347536962,4.517631867777132,155.3308915549673,95.25033272214088
2022-01-01,3.315,4.38,281.148,3.9497300354261813,5.218647829612873,154.40738191192904,110.03064363783325
2022-02-01,3.517,4.69,283.716,4.152478746351986,5.537425453622637,162.33346733024396,116.75179215988929
2022-03-01,4.222,4.9,287.504,4.919185680894875,5.709144916244644,192.3064552040125,120.37234744822034
2022-04-01,4.109,6.6,289.109,4.760947670255855,7.64717805395197,186.12043319172915,161.23408797866063
2022-05-01,4.444,8.14,292.296,5.092957549880943,9.328684621069055,199.09974464390362,196.68718922286953
2022-06-01,4.929,7.7,296.311,5.572241395020773,8.704860771284226,217.83645906664987,183.53440674941655
2022-07-01,4.559,7.28,296.276,5.154564730184018,8.231022425036116,201.50816327815278,173.5439379689559
2022-08-01,3.975,8.81,296.171,4.495867252364344,9.96442528134085,175.7576051109153,210.0912272649682
2022-09-01,3.7,7.88,296.808,4.175851055227622,8.893434139241531,163.24716446659383,187.51031195067543
2022-10-01,3.815,5.66,298.012,4.288245775337907,6.362115619505255,167.64102792493028,134.139665938026
2022-11-01,3.685,5.45,297.711,4.146307324888902,6.132259137216965,162.0922070359345,129.2933422319129
2022-12-01,3.21,5.53,296.797,3.622967213280458,6.241435728797798,141.63319445579057,131.5952355640627
2023-01-01,3.339,3.27,299.17,3.738671056589898,3.661411906274025,146.15642195800416,77.19768066825888
2023-02-01,3.389,2.38,300.84,3.773591344236139,2.650087754287994,147.5215659406829,55.87479186589961
2023-03-01,3.422,2.31,301.836,3.7977628911064287,2.563656422693118,148.46650780646291,54.0524625276571
2023-04-01,3.603,2.16,303.363,3.9785106951078415,2.3851188180496634,155.5325085082494,50.288152653937644
2023-05-01,3.555,2.15,304.127,3.915646752836808,2.368112663459673,153.0749590920434,49.929592698095604
2023-06-01,3.571,2.18,305.109,3.920610601457185,2.3934279224801633,153.2690115621629,50.463342882976285
2023-07-01,3.597,2.55,305.691,3.9416373396665265,2.7943217170279793,154.09101295667125,58.91583933123377
2023-08-01,3.84,2.58,307.026,4.189623028668581,2.8149029723867036,163.78555426632852,59.34977717259277
2023-09-01,3.836,2.64,307.789,4.1748837027963965,2.8732254888901165,163.209347614568,60.57945662960353
2023-10-01,3.613,2.98,307.671,3.9336913131234343,3.2445059820392563,153.78037776284359,68.40758241336664
2023-11-01,3.318,2.71,307.051,3.6198014010701813,2.956498431856597,141.5094328896508,62.335194094819315
2023-12-01,3.134,2.52,306.746,3.4224645798152222,2.7519498216765665,133.79491527667355,58.02246482697704
2024-01-01,3.075,3.18,308.417,3.3398402163304888,3.4538835407905535,130.56486878402998,72.82212585544299
2024-02-01,3.212,1.72,310.326,3.4671789021867325,1.85664623653835,135.5429389110549,39.14576861363527
2024-03-01,3.426,1.49,312.332,3.674428108551157,1.5980437483190963,143.64496286485232,33.693360412482434
2024-04-01,3.611,1.6,313.548,3.857823299781852,1.7093650732902141,150.8144582681283,36.040473579936226
2024-05-01,3.603,2.12,314.069,3.8428910207629534,2.261151530396187,150.23070847039364,47.67441037894679
2024-06-01,3.455,2.54,314.175,3.6837937455239915,2.708201480066842,144.0110950996993,57.100069152355935
2024-07-01,3.484,2.08,314.54,3.7104035098874544,2.2151662745596745,145.05135456346093,46.704851316380726
2024-08-01,3.389,1.99,314.796,3.6062949338619297,2.1175942515152673,140.98142256443867,44.647630203336576
2024-09-01,3.214,2.28,315.301,3.4145965918281265,2.4223024982477064,133.48733085568642,51.07213816102589
2024-10-01,3.137,2.2,315.664,3.328958196056567,2.334621622991536,130.13945635195537,49.223463283135025
2024-11-01,3.053,2.12,315.493,3.2415741078248965,2.2509456628197775,126.7233372340427,47.45922855120538
2024-12-01,3.018,3.01,315.605,3.2032751065414047,3.1947839863120038,125.22610869817204,67.3592374451964
2025-01-01,3.076,4.13,317.671,3.243602595137737,4.355032092951513,126.80263718933281,91.82205810703685
2025-02-01,3.121,4.19,319.082,3.276501275534189,4.398763327295179,128.08875018004645,92.74409308985489
2025-03-01,3.096,4.12,319.799,3.2429684895825193,4.315578222571053,126.77784800684216,90.99020761746516
2025-04-01,3.171,3.42,320.795,3.3112161349148206,3.571226484203307,129.4458633250783,75.29619960243903
2025-05-01,3.15,3.12,321.465,3.282431991041016,3.251170733983482,128.32060052071785,68.54810290259155
2025-06-01,3.15,3.02,322.561,3.2712789208862825,3.136273759071928,127.88459189546337,66.12560027081382
2025-07-01,3.125,3.2,323.048,3.2404240236745006,3.3181942002426887,126.67837682382523,69.9612343059969
2025-08-01,3.133,2.91,323.976,3.2394138454700347,3.0088395436699016,126.63888577749623,63.43876084420945
2025-09-01,3.166,2.97,324.8,3.265229926108374,3.0630868226600985,127.64811764571002,64.58251746810396
2025-10-01,3.06,3.19,NA,NA,NA,NA,NA
2025-11-01,3.05,3.79,324.122,3.1521741813267843,3.916963982697873,123.2284126518863,82.58577359385234
2025-12-01,2.894,4.26,324.054,2.9915758484697,4.403632727878687,116.9501182131609,92.8467601595302
2026-01-01,2.809,7.72,325.252,2.8930147085951816,7.950898380332788,113.09705295812313,167.63776649629173
2026-02-01,2.908,3.62,326.785,2.9809258074881035,3.7107810946034854,116.53377458195736,78.23858699976945
2026-03-01,3.638,3.04,330.213,3.6905186652251727,3.0838858554932727,144.2739933826994,65.02104695781055
2026-04-01,4.103,2.77,333.02,4.1271483394390724,2.7863029247492648,161.34322197699043,58.74677008103099
2026-05-01,4.479,2.94,335.123,4.477088770391767,2.938745475541816,175.0234951308257,61.96088847513266
2026-06-01,4.05,3.14,333.952,4.062467061134535,3.1496658202376393,158.81462717376536,66.40796021496237
2026-07-01,3.932,2.89,333.918,3.944505417497709,2.8991914182523852,154.20313514858324,61.12692563185595
2026-08-01,4.058,2.79,334.98,4.058,2.79,158.6399956904899,58.824719692251655
